mutation,interactor,pred_change,pred_logic_0,pred_logic_1,label_change,label_before
smile.BRCA1_60C>G,smile.BARD1,0,0.8378626108169556,0.20568276941776276,1,1
smile.BRCA1_1748P>R,smile.BACH1,0,2.4619407653808594,0.0828249454498291,1,1
smile.IL-2_61F>A,smile.IL-2_receptor,1,0.37328529357910156,0.453339159488678,1,1
smile.BCL-2_144G>E,smile.BAX,0,1.6124470233917236,0.09175112843513489,1,1
